sector,total_twh,fossil_twh,biomass_twh,fossil_pct
Chemicals,201.23901876664186,195.35395448863574,5.885064278006126,97.07558488702904
"Food, Bev & Tobacco",110.50933716137003,98.37237098078225,12.136966180587777,89.01724823227842
Steel,101.75055150199395,101.35148873576487,0.3990627662290791,99.60780284692486
Cement (+lime),78.21551029502702,64.98197670406527,13.233533590961741,83.08067857507396
Pulp & Paper,54.05279586608475,18.215100844081444,35.8376950220033,33.69872094906833
Textiles & Leather,18.448769131121562,17.665359639721206,0.7834094914003558,95.75359480173229
Glass,16.263418925,16.256949280909556,0.006469644090444149,99.96021965541021
Non-ferrous Metals,10.11480193397677,10.108392868267149,0.006409065709620521,99.9366367650948
TOTAL,590.594203581216,522.3055935422275,68.28861003898845,88.43730439193216
